trees,accuracy
15,97.78806584362141
17,97.99382716049381
19,98.070987654321
21,98.17386831275721
23,98.14814814814815
25,98.30246913580248
27,98.4567901234568
29,98.37962962962965
31,98.25102880658436
33,98.63683127572016
35,98.68827160493828
37,98.30246913580248
39,98.559670781893
41,98.37962962962965
43,98.50823045267491
45,98.61111111111113
47,98.559670781893
49,98.9454732510288
